title,video_id,url,artist
Moji Shortbabaa - Maisha Yangu,GRr8Wng82pQ,https://youtube.com/watch?v=GRr8Wng82pQ,Moji Shortbabaa
Moji Shortbabaa - Kameshika (ft. Timeless Noel [Official Music Video]) [sms skiza 5965375 to 811],NHPEXaOG758,https://youtube.com/watch?v=NHPEXaOG758,Moji Shortbabaa
BEST OF MOJI SHORT BABA MIX 2025 BY DJ TRINOL,bZTXU_1D8rE,https://youtube.com/watch?v=bZTXU_1D8rE,OSOUNDS ENTERTAINMENT
"SON OF NATIONS - BEST OF MOJI SHORT BABAA MIX FT CHEZEA BWANA,KIGOSHO,HIGHLY FAVOURED,WEROKAMU ETC..",eSS6kyvJxvo,https://youtube.com/watch?v=eSS6kyvJxvo,Sᴏɴ ᴏғ Nᴀᴛɪᴏɴs
"KENYAN GOSPEL SONGS MIX 2024 FT MOJI SHORTBABA, GUARDIAN ANGEL, DAVID WONDER, TIMELESS NOEL, SIZE 8",wIGmr62pwoc,https://youtube.com/watch?v=wIGmr62pwoc,"DJ DR ELVIS, THE MELODIC MEDIC"
Unanijali - Moji Shortbabaa | Official Music Video,-FIlzJCUBKo,https://youtube.com/watch?v=-FIlzJCUBKo,Moji Shortbabaa
"2025 Kenya Urban Gospel Video Mix 🔥 - Dj DIVINE Ft Guardian Angel, Benachi, Jabidii, Moji Shortbabaa",hmuGDMMc-Wc,https://youtube.com/watch?v=hmuGDMMc-Wc,kenya Super Gospel Dj
Moji Shortbabaa - Utukuke (ft. Eunice Njeri [Official Video]) [SMS Skiza 5965379 to 8111],6azO_UmJQDo,https://youtube.com/watch?v=6azO_UmJQDo,Moji Shortbabaa
Moji Shortbabaa - Mazuri (Official Video feat. Guardian Angel) [Text SKIZA 7301545 to 811],WvXraS7KrZM,https://youtube.com/watch?v=WvXraS7KrZM,Moji Shortbabaa
Sunday - Best of African Gospel Mix 2023❣️,joOCefT4EWg,https://youtube.com/watch?v=joOCefT4EWg,Vibe With Jey
Moji Shortbabaa - Amenitoa Mbali (official music video),rNBXt8lwjOY,https://youtube.com/watch?v=rNBXt8lwjOY,Moji Shortbabaa
Moji Shortbabaa - Shuka Usitumane (Official Music Video),6hI-valtYDw,https://youtube.com/watch?v=6hI-valtYDw,Moji Shortbabaa
Moji Shortbabaa - Pekee Yangu (Official Video) [skiza 7300970],vU4npIqGc5k,https://youtube.com/watch?v=vU4npIqGc5k,Moji Shortbabaa
Moji Shortbabaa - Wacha Story (Official Music Video) [ skiza 7300387 ],T2ctXqBHj0g,https://youtube.com/watch?v=T2ctXqBHj0g,Moji Shortbabaa
"HAJAWAI NIANGUSHA (sms: Skiza 7633239 to 811) - MOJI SHORT BABAA,GUARDIAN ANGEL,DK KWENYE BEAT",YyBRceWmm8g,https://youtube.com/watch?v=YyBRceWmm8g,"Teddy B ""Senior Producer'"""
Moji Shortbabaa - Dabo Dabo (official music video),DkrdaHQgcWI,https://youtube.com/watch?v=DkrdaHQgcWI,Moji Shortbabaa
Moji Shortbabaa - Highly Favoured (Official Music Video),sjVV_0XZZZg,https://youtube.com/watch?v=sjVV_0XZZZg,Moji Shortbabaa
Moji Shortbabaa - Mitumba (Official Video) [ Skiza 7300730 ],PKVS4zFByp8,https://youtube.com/watch?v=PKVS4zFByp8,Moji Shortbabaa
Moji Shortbabaa - Dance ya Kanisa (Official VIdeo),y2c8v76ONtg,https://youtube.com/watch?v=y2c8v76ONtg,Moji Shortbabaa
Kelele Takatifu - Ngori (Official Music Video),Lccw-jnVx6s,https://youtube.com/watch?v=Lccw-jnVx6s,TheKeleletakatifu
Moji Shortbabaa -  Chezea Bwana (Official video),-hJ3rzANMBQ,https://youtube.com/watch?v=-hJ3rzANMBQ,Moji Shortbabaa
Mtoto wa Mfalme - Moji Shortbabaa ft Coopy Bly (Official Visualizer),Z1BBahNa1m4,https://youtube.com/watch?v=Z1BBahNa1m4,Moji Shortbabaa
Benachi  - EBENEZER Ft.  Moji Shortbabaa &Guardian Angel (Official Music Video),vE3PW1togI4,https://youtube.com/watch?v=vE3PW1togI4,BENACHI
Kelele Takatifu - Aina Noma (Official Music Video),kqGkltJzVrk,https://youtube.com/watch?v=kqGkltJzVrk,TheKeleletakatifu
"DJ GENTE- GOSPEL BANGER VOL 7|Jabidii,Moji Shortbaba,David wonder etc #Didimia",Xv5LCpw9gTA,https://youtube.com/watch?v=Xv5LCpw9gTA,MI GENTE KILLER (Dj Gente)
Moji Shortbabaa - Wacha Wacheki (Official Music Video)  [ skiza 7300484 ],7b8Cqkrjsho,https://youtube.com/watch?v=7b8Cqkrjsho,Moji Shortbabaa
"LATEST SWAHILI GOSPEL 2025 VIDEO MIX- AMEFANYA MUNGU, WAPENDWA MUSIC, SHUSHO, MERCY MASIKA, CALENDAR",-Jm_IbiDyk0,https://youtube.com/watch?v=-Jm_IbiDyk0,DJ SHOOTSTAR KE.
SUNDAY VIBES 6 // THE ART OF MOJI SHORT BABAA GOSPEL MIX 2024 - DJ KOGI,_yI7mW8V3w4,https://youtube.com/watch?v=_yI7mW8V3w4,DJ KOGI TV
Kenyan URBAN Gospel mix || Moji shortbaba Jabidii Ljay || lee the gospel deejay 🎧,RpYpj-AjPNY,https://youtube.com/watch?v=RpYpj-AjPNY,lee the gospel dj
Mwanake - Benachi ft Kaberere (Official Video),lBkJSjTTgoU,https://youtube.com/watch?v=lBkJSjTTgoU,Sammy Dee Official
Jabidii ft Mama Jabidii - Miel Matin (official Video) for support Till 4985078,jnJNDPUzPXw,https://youtube.com/watch?v=jnJNDPUzPXw,Jabidii Music
🔥 LATEST URBAN GOSPEL 2024 HYPE MIX | DJ SILENCER X VDJ SARJENT CHURCH YOUTH DANCE URBAN GOSPEL MIX,i-Y6ec8wYss,https://youtube.com/watch?v=i-Y6ec8wYss,Sarj Ent.
DJ OWE KENYA - BEST OF KENYAN LITE GOSPEL  MIX 2023 | moji short baba | jabidii | didi man,CDbi5AUFP_4,https://youtube.com/watch?v=CDbi5AUFP_4,DJ OWE KENYA
VICTORY & CHEZA GOSPEL ALBUMS PROMO MIX_GUARDIAN ANGEL  & MOJI SHORTBABA - DJ Bing [The Kingdom Boy],Uzbmn_L4EKk,https://youtube.com/watch?v=Uzbmn_L4EKk,DJ Bing [The Kingdom Boy]
"Calender ya Mungu)-SMS ""SKIZA 69810049 TO 811""",PmzJ0XaHo_U,https://youtube.com/watch?v=PmzJ0XaHo_U,Koppa Gekon
"ANGUKA NAYO - Jabidii ,Timeless Noel, Didi Man, Moji Shortbabaa",rDNK4P4qATg,https://youtube.com/watch?v=rDNK4P4qATg,WekaTick Productions
NIMEPENDA REMIX - Guardian Angel  .x. Deus Derrick ft. Sammy G,x-h5JkK4nss,https://youtube.com/watch?v=x-h5JkK4nss,Guardian Angel Global
Moji Shortbabaa - Mafinyo (feat. Garvey Royal & Desito) [Official Video],GMv486bgQa0,https://youtube.com/watch?v=GMv486bgQa0,Moji Shortbabaa
Vimbada (feat. Moji Shortbabaa),SzzESh8RWBI,https://youtube.com/watch?v=SzzESh8RWBI,Jabidii Music
Garvey Royal & Moji Shortbabaa- Quality (Official Music Video),sUO2u3BbNds,https://youtube.com/watch?v=sUO2u3BbNds,GARVEY ROYAL
Joel Lwaga - Olodumare (Official Lyric Video),CJ2zMja5KR8,https://youtube.com/watch?v=CJ2zMja5KR8,Joel Lwaga
"KENYAN OLDSKOOL GOSPEL MIX FT || Henry Mutuku,Rufftone,Chibalonza,Githae,Mercy Masika,Daddy Owen,BMF",HWqwQzqMli0,https://youtube.com/watch?v=HWqwQzqMli0,Jojie the entertainer
Denno & Bahati - Story Yangu (Official Video),yYHB-ED_osM,https://youtube.com/watch?v=yYHB-ED_osM,Bahati Kenya
Kanjii Mbugua feat. Pambio Worship - Kama Si We (OFFICIAL 4K VIDEO),RZLreEKM-Dk,https://youtube.com/watch?v=RZLreEKM-Dk,Kanjii and Common Hymnal
"Moses Bliss - You Are Great [Official Video] x Festizie, Neeja, Chizie, Son Music & Ajay Asika",tmjGiVSF210,https://youtube.com/watch?v=tmjGiVSF210,Moses Bliss
DJ 38K LATEST UPLIFTING GOSPEL MIX | OLODUMARE |,fBMVjBBpFP0,https://youtube.com/watch?v=fBMVjBBpFP0,DJ 38K
🔴BEST GOSPEL HITS MIX 2025 -DJ RIZZ ft Guardian Angel|Wapendwa Muziki|Christina Shusho|Moji|Joel,tGe4mLDMCWw,https://youtube.com/watch?v=tGe4mLDMCWw,DJ RIZZ 
DADDY OWEN feat. RIGAN SARKOZI - WEWE NI MUNGU (Official Video),WSqsOHDZ3kk,https://youtube.com/watch?v=WSqsOHDZ3kk,Daddy Owen Official
"SON OF NATIONS - BEST OF WEKATICK [JABIDII,TIMELESS NOEL,DIDI MAN,OCAMPO] - MPAKACHE,NYANGILE, ETC",QZ2xlw8XuZc,https://youtube.com/watch?v=QZ2xlw8XuZc,Sᴏɴ ᴏғ Nᴀᴛɪᴏɴs
Mercy Masika - Shule Yako (NIFUNZE),aWcgl14ZKRM,https://youtube.com/watch?v=aWcgl14ZKRM,Mercy Masika
HAKUNA WA KUFANANA -  Oga@DTop x Wapendwa Muziki (Official Music Video),LfjzpbnsS6w,https://youtube.com/watch?v=LfjzpbnsS6w,Obinna TV
Iyanii ft Mwanaa(Vijana Barubaru) & Cedo - Kifo Cha Mende (Official Music Video),ywxrFIuokQk,https://youtube.com/watch?v=ywxrFIuokQk,Iyanii
URBAN GOSPEL MIX 2025 Guardian Angel Boss MOG ANZA NA MIMI MIX MOJI SHORT BABA DJ CROWN B,pbpchTYKEf0,https://youtube.com/watch?v=pbpchTYKEf0,DJ Crown B official
"DJ DIMWAS🎧URBAN GOSPEL MIX 2025🔥🔥 CALENDAR ya MUNGU,",_t-YRV7ySBA,https://youtube.com/watch?v=_t-YRV7ySBA,DJ DIMWAS
"DAVID WONDER SONGS FULL MIX (GOSPEL MIX 2020) | DJ MOJAY| MR SEED, BAHATI, ZAWADI VANILLA",9XAVGDeuKTU,https://youtube.com/watch?v=9XAVGDeuKTU,Dvj Mojay
URBAN KENYAN GOSPEL VIDEO MIX 2021|KENYAN - DJ ZEEH|SIZE8|MRSEED|DAVIDWONDER|MOJI|EKODIDA|MASTERPIEC,554jxxTWX9w,https://youtube.com/watch?v=554jxxTWX9w,DEEJAY BUDDAH 254
𝗛𝗶𝗴𝗵𝗹𝘆 𝗳𝗮𝘃𝗼𝗿𝗲𝗱-𝗠𝗼𝗷𝗶 𝗦𝗵𝗼𝗿𝘁𝗯𝗮𝗯𝗮𝗮-𝗧𝗲𝗲𝗻𝘀 𝗗𝗮𝗻𝗰𝗲,GkKIO2ryKA0,https://youtube.com/watch?v=GkKIO2ryKA0,Deliverance Church Int'l Kenyatta Road
PAUL CLEMENT & GUARDIAN ANGEL ~ WAKATI WA MUNGU (SKIZA CODE 9046099),SwyIiHun1os,https://youtube.com/watch?v=SwyIiHun1os,Guardian Angel Global
AMEFANYA MUNGU🙏♥️GOSPEL MIXTAPE 2025💯🔥🔥#wapendwamuziki #ogaobinna #gospelmusic @Dj_Amoh,AQQ_J5Dqb-4,https://youtube.com/watch?v=AQQ_J5Dqb-4,DJ AMOS 254 💯
THE BEST of  Guardian Angel  FUNGA MDOMO| Yesu Sio Mwizi | PIGANA na Mungu -MIX by DEEJAY CRUZZ,AIEaeEjIpkk,https://youtube.com/watch?v=AIEaeEjIpkk,Guardian Angel Global
FUNGA MDOMO RmX - YOUNG FORTUNE  .x. GUARDIAN ANGEL (VISUALIZER),fcgq2U3uzhQ,https://youtube.com/watch?v=fcgq2U3uzhQ,Guardian Angel Global
"BEST//LATEST GOSPEL MIXTAPE 2023 BY PRESTTY FT GUARDIAN ANGEL,AMBASSADOR,MOJI SHORTBABA,DAFARI",i202en_ee4E,https://youtube.com/watch?v=i202en_ee4E,DEEJAY PRESTTY KE
AMEFANYA MUNGU - WAPENDWA MUZIKI ( Official Music Video ),qf3M3DHXu6E,https://youtube.com/watch?v=qf3M3DHXu6E,Wapendwa Muziki
Guardian Angel  -  WA KWANZA (Official video),H2-Rn6Ens0k,https://youtube.com/watch?v=H2-Rn6Ens0k,Guardian Angel Global
DOMINION FAMILY - SHUKA (OFFICIAL MUSIC VIDEO),HBEkS0Zdjgs,https://youtube.com/watch?v=HBEkS0Zdjgs,DOMINION FAMILY
GUARDIAN ANGEL ~ RADA         DIAL  *837*1235#  To set SKIZA,vnI9PWiNY3o,https://youtube.com/watch?v=vnI9PWiNY3o,Guardian Angel Global
GUARDIAN ANGEL ~ HADITHI (Official HD Video),Jkyz9QVZ5x8,https://youtube.com/watch?v=Jkyz9QVZ5x8,Guardian Angel Global
GUARDIAN ANGEL ~ SWADAKTA (Official HD Video) SKIZA CODE 7300462,66mp3pkyD-s,https://youtube.com/watch?v=66mp3pkyD-s,Guardian Angel Global
Manolo ft Timam Evans - Heri (Official Music Video),tbjyDXaVJpg,https://youtube.com/watch?v=tbjyDXaVJpg,Manolo KE
BEST OF GOSPEL TRENDZ MIX DJ LAZ X @kinghardtv  FT GUARDIAN ANGEL MOJI SHORTBABA EKO DYDDA WONDER,8VqrlR3AOWk,https://youtube.com/watch?v=8VqrlR3AOWk,Deejay Laz Worldwide🌍
BEST OF SWAHILI GOSPEL MIX - DJ RIZZ | MOJI SHORT BABA | RINGTONE | GLORIA MULIRO | MERCY MASIKA.,ziX8cpnumNo,https://youtube.com/watch?v=ziX8cpnumNo,PPP TV KENYA
🔴LATEST GOSPEL  MIX  2025 -DJ RIZZ ft Rose Muhando|GuardianAngel|Joel Lwaga #KIMYA,fqjlwq4PU20,https://youtube.com/watch?v=fqjlwq4PU20,DJ RIZZ 
Nyashinski - Mungu Pekee (Official Lyric Video),LfPb88GD1Tc,https://youtube.com/watch?v=LfPb88GD1Tc,Nyashinski
Obby Alpha Ft Guardian Angel –Pigana na Mungu  FOR Skiza Dial 6936423 To 811,1g2O4eju8Xs,https://youtube.com/watch?v=1g2O4eju8Xs,Obby Alpha  🏅
THE ICONS COLLECTIVE 2 ft MOJI SHORTBABAA | ARTIST EDITION | MOJI SHORTBABAA LIVE BAND PERFORMANCE.,mhzP_h-hy3I,https://youtube.com/watch?v=mhzP_h-hy3I,THE ICONS MUSIC
Ringtone ft Christina Shusho - Tenda Wema (Official Music Video hd),p1fzSteyoRA,https://youtube.com/watch?v=p1fzSteyoRA,Ringtone Apoko Music (RingtoneApokoVEVO)
Gospel Amapiano Mix 2025 || Swahili Amapiano Gospel songs|| The Vibe Fusion With Esky #016 BIG GOD,wDWgic1aZ7Q,https://youtube.com/watch?v=wDWgic1aZ7Q,DEEJAY ESKY
"Mtoto Wa Mfalme - Moji Shortbabaa, Coopy Bly",b-1H8tJdsWc,https://youtube.com/watch?v=b-1H8tJdsWc,JCIOM MUSIC
EUNICE NJERI - AMENI (OFFICIAL VIDEO) sms SKIZA 7392811 to 811,JIBgBMN6B4s,https://youtube.com/watch?v=JIBgBMN6B4s,Eunice Njeri Muthii
Collo Ft. Bruz Newton – Bazokizo (Official Music Video),XYQvE9dg9ck,https://youtube.com/watch?v=XYQvE9dg9ck,COLLO
Ataonekana - David Wonder x Nimo Gachuiri(Official video) sms Skiza 5021447 to 811,IFZbU2_KZ0Q,https://youtube.com/watch?v=IFZbU2_KZ0Q,David Wonder TV
Moji Shortbabaa - Kameshika (ft. Timeless Noel [Official Dance Video]),mINb0swB0ZI,https://youtube.com/watch?v=mINb0swB0ZI,MOYADAVID1
🔴LATEST GOSPEL  MIX  2025 -DJ RIZZ ft Wapendwa Muziki|GuardianAngel|Joel Lwaga #BONGE LA SURPRISE,yaSKf-tBBcg,https://youtube.com/watch?v=yaSKf-tBBcg,DJ RIZZ 
MOG - Tosheka (Official Video) Main Switch,siEYqgWNvB4,https://youtube.com/watch?v=siEYqgWNvB4,Main Switch Studios
MOJI SHORT BABA MIX by lewis klin official,5DsEGIFZ1oc,https://youtube.com/watch?v=5DsEGIFZ1oc,Lewis Klin official
Zigwembe | Bruz Newton | Official Music Video,qZUZezc2_-s,https://youtube.com/watch?v=qZUZezc2_-s,Black Market Afrika
Mr Seed & Bahati - Kumbe Kumbe (Official Video),DufexyLpDwI,https://youtube.com/watch?v=DufexyLpDwI,BAHATI TV
Christina Shusho - Shusha Nyavu (Official Video) SMS SKIZA 7916811 to 811,eOGKpXVSkDU,https://youtube.com/watch?v=eOGKpXVSkDU,Christina Shusho
KANYAGA LAMI ( Official Video ) - Timeless Noel x Jabidii {SMS SKIZA 7300726 TO 811},xpmp2W_tBn8,https://youtube.com/watch?v=xpmp2W_tBn8,TIMELESS NOEL
PAUL CLEMENT - SHUKRANI (OFFICIAL LIVE RECORDING VIDEO) SKIZA - 9860830,SRTlF8U21WM,https://youtube.com/watch?v=SRTlF8U21WM,Paul Clement Official
Bruz Newton - Zigwembe (Official Music Video),zBUwAzLsji4,https://youtube.com/watch?v=zBUwAzLsji4,BRUZ NEWTON OFFICIAL
BARAKA X GUARDIAN ANGEL ~ WEMA WAKO ( OFFICIAL VIDEO ),4MPHaO5xQ0A,https://youtube.com/watch?v=4MPHaO5xQ0A,Guardian Angel Global
"Tunaweza - Iyanii, Trio Mio & Femi One (Official Video)",MYHyf02glzU,https://youtube.com/watch?v=MYHyf02glzU,PERMANENT PRESIDENTIAL MUSIC COMMISSION (PPMC TV)
"BEST OF GUARDIAN ANGEL GOSPEL VIDEO MIX 2025, SWAHILI GOSPEL, KIMYA BY DJ SONCH",OheDeUe1lAg,https://youtube.com/watch?v=OheDeUe1lAg,DJ SONCH THE HYPERBOY
KDF ( Kula Neno ) Official Video - Jabidii x Hype Ochi x Timeless  Noel // SKIZA CODE ( 8562402 ),ce14tFnjv44,https://youtube.com/watch?v=ce14tFnjv44,TIMELESS NOEL
GUARDIAN ANGEL - UTAFURAHI  (Official HD Video) SKIZA CODE 9046330,bHI5zJC2A0Y,https://youtube.com/watch?v=bHI5zJC2A0Y,Guardian Angel Global
Guardian Angel - Nadeka (Official HD Video) SKIZA CODE 7300314,G_mvkTcYxog,https://youtube.com/watch?v=G_mvkTcYxog,Guardian Angel Global
SIFU BWANA - Khaligraph Jones Ft Nyashinski (Official Song),vgZ1SXx2K6M,https://youtube.com/watch?v=vgZ1SXx2K6M,Khaligraph Jones
CHEZA FOR YESU - NTAATE,OQXqaZ_ZBsI,https://youtube.com/watch?v=OQXqaZ_ZBsI,Ntaate
Samsong  - Victory Chant (Official Video),gtEAla9bhWY,https://youtube.com/watch?v=gtEAla9bhWY,Samsong 
BAHATI - LALA AMKA ! (Official Video) SKIZA DIAL *811*846#,0QYTA_02ngQ,https://youtube.com/watch?v=0QYTA_02ngQ,Bahati Kenya
INAKUWASHIA NINI - Size8reborn Ft  @Wapendwamuziki  (Official Music Video),gliW_pq-60I,https://youtube.com/watch?v=gliW_pq-60I,Size8Reborn
UTUKUKE MOJI SHORTBABAA AND EUNICE NJERI ( MTD DANCE COVER ),eptth5H8wnY,https://youtube.com/watch?v=eptth5H8wnY,Kagumo Peoples Church - KPC
"One A Dem All Star - Manolo, Moji Short Baba, Ben Cyco, Garvey Royale, Bire & Cabassa",sdw2TKAchwM,https://youtube.com/watch?v=sdw2TKAchwM,1005 Songs & more
BAHATI & DK KWENYE BEAT - FANYA MAMBO (Official Video) TO SET SKIZA DIAL *812*814#,HUZgAcCjBck,https://youtube.com/watch?v=HUZgAcCjBck,Bahati Kenya
My Call - M.O.G ft Juliani,oJ66-O2raXs,https://youtube.com/watch?v=oJ66-O2raXs,Safaricom PLC
Kaberere & Mr. Vee - Just a way (Official hd video),S91pChLJmF0,https://youtube.com/watch?v=S91pChLJmF0,J Blessing
OTILE BROWN ft BARAKAH THE PRINCE - NISEME NAWE (Official Video),2qXJD9Co8gw,https://youtube.com/watch?v=2qXJD9Co8gw,Otile Brown Official
Tumeshinda - Eunice Njeri Ft. Godwill Babette (SMS Skiza 6380478 to 811),cnMC5WxQqxs,https://youtube.com/watch?v=cnMC5WxQqxs,Eunice Njeri Muthii
HAPO NDIPO - JABIDII (OFFICIAL VIDEO)  To get Skiza Dial (*811*282#),DMHMxxG6kl8,https://youtube.com/watch?v=DMHMxxG6kl8,Jabidii Music
Eunice Njeri - TAMBARARE (Official Music Video),dlS6gRuNecc,https://youtube.com/watch?v=dlS6gRuNecc,Eunice Njeri Muthii
DJ GENTE - GOSPEL BANGER VOL 5| Guardian Angel|Moji short Baba|Jabidii|Emilyo|Manolo etc  #waye,jF8kbJIgZLg,https://youtube.com/watch?v=jF8kbJIgZLg,MI GENTE KILLER (Dj Gente)
Mojishortbaba// highly favoured dance// Kenyan Gospel #dance #dancefitness @MojiShortbabaa,R4ZncZoJ7DI,https://youtube.com/watch?v=R4ZncZoJ7DI,Jess Gitau
Nyawira Gachugi and Moji Shortbaba write A Love Letter 💌 | COUPLES EDITION | THE SNS,ycOxZIBCT4c,https://youtube.com/watch?v=ycOxZIBCT4c,Stephanie Ng’ang’a
Guardian Angel - NANGOJEA (Official video),ubF7SE9LYQY,https://youtube.com/watch?v=ubF7SE9LYQY,Guardian Angel Global
Ben Cyco x Karwirwa Laura - Tawala (Official Music Video),qnAHiIK9Agg,https://youtube.com/watch?v=qnAHiIK9Agg,Ben Cyco
Nyboma - Doublé doublé Congolese Wedding Dance,ntLL3LtcdAQ,https://youtube.com/watch?v=ntLL3LtcdAQ,Sondasi Luundo
BOSS M.O.G FT GUARDIAN ANGEL-ANZA NA MIMI (OFFICIAL VIDEO)Sms(Skiza 5371294)TO 811,_Z_EtWgYgbA,https://youtube.com/watch?v=_Z_EtWgYgbA,BOSS M.O.G Official Channel
DAVID WONDER & BAHATI - NDOGO NDOGO (Official Video),B2rBOgFUdRk,https://youtube.com/watch?v=B2rBOgFUdRk,Bahati Kenya
Charisma - Sina Noma (official video),lGMsfh8AqmM,https://youtube.com/watch?v=lGMsfh8AqmM,Charisma KE
BEST OF WILLY PAUL GOSPEL VIDEO  MIX BY DJ LEBBZ (THA ACTIVATOR),ANRQA1CbNIw,https://youtube.com/watch?v=ANRQA1CbNIw,Lebbz tha Dj
GUARDIAN ANGEL ~ YESU SIO MWIZI (Official Music Video),1VXw7QRBuCA,https://youtube.com/watch?v=1VXw7QRBuCA,Guardian Angel Global
GOSPEL MIXTAPE NEW SKOOL FT MOJI SHORTBABA - DJ TRAPSTEIN,W8W-Df7fvWY,https://youtube.com/watch?v=W8W-Df7fvWY, DJ TRAPSTEIN
H_ART THE BAND - MY JABER Ft. BRIZY ANNECHILD (Official Music Video) SMS 59601935 TO 811 FOR SKIZA,MsCyDAK8L80,https://youtube.com/watch?v=MsCyDAK8L80,H_ART THE BAND OFFICIAL
Moji Shortbaba full  performance  at Cheza Gospel Concert,mppB_YyBMj0,https://youtube.com/watch?v=mppB_YyBMj0,Antony Wainaina
Ben Cyco X Wanjiru Njiru (Joyride Music) - Forever Amen (Official Video),50mpCENkcZI,https://youtube.com/watch?v=50mpCENkcZI,The Joy Ride
"Gospel Vibes: A Spirit-Lifting Music Mix Ft MOJI SHORTBABA,DAVID WONDER,HOPEKID,EKODYDDA",etL5DOwueFk,https://youtube.com/watch?v=etL5DOwueFk,Viral Box
Otile Brown   Alivyonipenda Feat  King Kaka (Official Video 2016),nlFOku-ng1s,https://youtube.com/watch?v=nlFOku-ng1s,Otile Brown Official
"🌴Best_of_urban_gospel_-_by_dj_dandre🙏🇰🇪 jabidii, moji short baba, #mixtape #gospelmusic #praise",Q8lW4zsNnAM,https://youtube.com/watch?v=Q8lW4zsNnAM,DJ DANDRE 254
MOJI SHORT BABA - HUSTLE [LYRIC VIDEO],DDqf_J__r-Q,https://youtube.com/watch?v=DDqf_J__r-Q,BA' ELLA
"THROWBACK KENYAN GOSPEL HITS - DJ KENB (ESTHER WAHOME, RUFFTONE, RINGTONE, DADDY OWEN, M.O.G)",wNbdDQfCPNs,https://youtube.com/watch?v=wNbdDQfCPNs,KenB
Guardian Angel - NANGOJEA Dance Video by XTREEM Dancers,q__uTYQCsk8,https://youtube.com/watch?v=q__uTYQCsk8,Guardian Angel Global
Moji Shortbabaa - Krismasi (visualizer),PVMZW9qwQZA,https://youtube.com/watch?v=PVMZW9qwQZA,Moji Shortbabaa
ODI DANCE (Official Video) - Timeless Noel x Hype Ochi x Jabidii [ SKIZA - 8541237 ],DqmIT3dVQyY,https://youtube.com/watch?v=DqmIT3dVQyY,TIMELESS NOEL
KARURA VOICES - Nimekubali [OFFICIAL VIDEO],nMtZ4TuqRIw,https://youtube.com/watch?v=nMtZ4TuqRIw,Karura Voices
Guardian Angel x Dj Kezz Kenya - Moyo Wangu (Official video),lE7X4e_u_tM,https://youtube.com/watch?v=lE7X4e_u_tM,Guardian Angel Global
Best gospel mix,v7h8JTAMUwM,https://youtube.com/watch?v=v7h8JTAMUwM,rique tush
"He Vanished When I Asked ""What's Up?” - Moji Shortbabaa & Nyawira Gachugi (Woman Without Limits)",h689O4MjseE,https://youtube.com/watch?v=h689O4MjseE,Lady Bishop Kathy Kiuna
Daddy Owen feat. Denno - Mbona [DaddyOwenTV],nMvqSjdSJJw,https://youtube.com/watch?v=nMvqSjdSJJw,Daddy Owen Official
M O G - Let Him Go [ORIGINAL MIX] (OFFICIAL VIDEO),pdjlZZl3QW8,https://youtube.com/watch?v=pdjlZZl3QW8,LAMPSTAND TV
SHOOT SATAN - JABIDII (Official video),rlZcIklttKk,https://youtube.com/watch?v=rlZcIklttKk,Jabidii Music
Guardian Angel - TUNAZIDI   Tafuta Kazi Uache Wivu  (Official  Lyric Video ),Pw8AAbF3BW4,https://youtube.com/watch?v=Pw8AAbF3BW4,Guardian Angel Global
BABA OYEEE (Forever Hero) - Sammy Dee X The Cluster,W5TaqJbWkxc,https://youtube.com/watch?v=W5TaqJbWkxc,Sammy Dee Official
UTANIFIKIA BY PITSON (LIVE VERSION) SKIZA 76310140,KU5HuzaKrYY,https://youtube.com/watch?v=KU5HuzaKrYY,Pitson T.V
Mojishortbaba// highly favoured dance// Kenyan Gospel #dance #dancefitness @MojiShortbabaa,R4ZncZoJ7DI,https://youtube.com/watch?v=R4ZncZoJ7DI,Jess Gitau
Rufftone and The GSU - Mungu Baba(OFFICIAL VIDEO),TxpEEFiIgBg,https://youtube.com/watch?v=TxpEEFiIgBg,LAMPSTAND TV
KWATA KAWAYA - Mbuvi (OFFICIAL MUSIC VIDEO),gxSx3h9GKgo,https://youtube.com/watch?v=gxSx3h9GKgo,PANACHE PLUME
Moji Shortbaba - Mitumba (Dance Challenge),C7jci4w8JXc,https://youtube.com/watch?v=C7jci4w8JXc,The Brothers Ent.
MR.SEED x SAILORS - PIGANIANGE (OFFICIAL VIDEO) ( SMS SKIZA 7301639 TO 811 ),EeRBYz2euBA,https://youtube.com/watch?v=EeRBYz2euBA,MrSeedOfficial Music
Orbit Village Project Ft Kelele Takatifu - Wote (Official HD Video),U0WNW_9rFhY,https://youtube.com/watch?v=U0WNW_9rFhY,TheKeleletakatifu
MOJI SHORT BABA - HUSTLE [LYRICS VIDEO],c7xKbsPkdVE,https://youtube.com/watch?v=c7xKbsPkdVE,BLESSED GOSPEL LYRICS TO OUR MAKER.
WADAGLIZ KE - ANGUKA NAYO (Official Dance Video ) | Dance Republic Africa,u5j2rtjTuWA,https://youtube.com/watch?v=u5j2rtjTuWA,Dance Republic Africa
BEST OF GUARDIAN ANGEL Songs MIX 2025 FT KIMYA | NADEKA | MERCY | ELOHIM _DJ Seko,j9C_zJZIPew,https://youtube.com/watch?v=j9C_zJZIPew,DJ SEKO
Huu Mwaka - Dayoo X Rayvanny (Official Lyric Video),vmB1gO_pHxI,https://youtube.com/watch?v=vmB1gO_pHxI,Rayvanny
Naruka | Eunice Njeri Ft Richard Muhima,SvgWSf8hMTo,https://youtube.com/watch?v=SvgWSf8hMTo,Eunice Njeri Muthii
BETTY BAYO X ROSE MUHANDO UNAMUWINDA NANI (Official Music Video),RW0GMO14D80,https://youtube.com/watch?v=RW0GMO14D80,Betty bayo tv
"Wakadinali - ""Kuna Siku Youths Wataungana"" Ft Sir Bwoy (Official Music Video)",bkRApMrrEyE,https://youtube.com/watch?v=bkRApMrrEyE,Wakadinali
Willy Paul feat.  Size 8 - Tam Tam Remix (Official Video)(@willypaulbongo),hRkkLKZEaTo,https://youtube.com/watch?v=hRkkLKZEaTo,Willy Paul Thee Pozze
Big_God_-_Tim_Godfrey_X_Fearless_Community_Anderson (Official Dance Video) CHOREOGRAPHER @samuul,FtUrKIQ5S6c,https://youtube.com/watch?v=FtUrKIQ5S6c,VICTORIOUS KIDZ
SMILE - HOPEKID FT. BENACHI (Official Video),9tIb6bKsynI,https://youtube.com/watch?v=9tIb6bKsynI,HopeKid Kenya
Kenyan Gospel: The Soundtrack of a Nation,UcoRYK49osQ,https://youtube.com/watch?v=UcoRYK49osQ,djprolificjames 
Arrow Bwoy - Uko Nami (Official Video) sms skiza 7302015 to 811,dlgjRYMG61s,https://youtube.com/watch?v=dlgjRYMG61s,Arrow Bwoy
Y CELEB ft GODDY ZAMBIA-STRONGER (OFFICIAL MUSIC VIDEO),ItmZ0y0Y3fI,https://youtube.com/watch?v=ItmZ0y0Y3fI,Y Celeb worldwide
Kelele Takatifu Ft.  Holy Dave - Ni Msoh (Official Video),RRSFlNdqQ94,https://youtube.com/watch?v=RRSFlNdqQ94,TheKeleletakatifu
Umenipea-BOSS M.O.G ft Subiri Jay(SMS-(Skiza 7303307 to 811),NkoDQTjSexI,https://youtube.com/watch?v=NkoDQTjSexI,BOSS M.O.G Official Channel
GHARAMA - Guardian Angel FT. Rose Muhando  (Official video),Qshpm6UF_zk,https://youtube.com/watch?v=Qshpm6UF_zk,Guardian Angel Global
Bwana Yesu - Eunice Njeri (Official Video),PGTzujGyK7w,https://youtube.com/watch?v=PGTzujGyK7w,Eunice Njeri Muthii
Guardian Angel's performance makes President Ruto stand and Dance during Jamhuri Day 2025,0u6Pe7Yb6ME,https://youtube.com/watch?v=0u6Pe7Yb6ME,Kenya Digital News
"DJ RIQ (THANKSGIVING GOSPEL MIX) MOJI, JABIDII, BEN CYCO, GUARDIAN ANGEL",f7gD0cUfqaQ,https://youtube.com/watch?v=f7gD0cUfqaQ,Deejay RIQ
🔴END OF YEAR 2024 GOSPEL  SONG - DJ P BOY254 GREATEST HIT🔥 VIDEO MIXTAPE,6sPtZkqFyjk,https://youtube.com/watch?v=6sPtZkqFyjk,DEEJAY P BOY254
Ghana Worship Songs 2021 || Kenya Gospel Music 2021 || South African Praise and Worship 2021,QoEUICbWSMs,https://youtube.com/watch?v=QoEUICbWSMs,玉川 大輔
DJ GENTE - GOSPEL BANGER VOL 5| Guardian Angel|Moji short Baba|Jabidii|Emilyo|Manolo etc  #waye,jF8kbJIgZLg,https://youtube.com/watch?v=jF8kbJIgZLg,MI GENTE KILLER (Dj Gente)
Nirvana Shatakam,-IvYvXX0t2Y,https://youtube.com/watch?v=-IvYvXX0t2Y,Songs for Sri Moojiji
Benachi - NITEMBELEE (Official Music Video),m5QE57t7tV0,https://youtube.com/watch?v=m5QE57t7tV0,BENACHI
GOSPEL MIXTAPE NEW SKOOL FT MOJI SHORTBABA - DJ TRAPSTEIN,W8W-Df7fvWY,https://youtube.com/watch?v=W8W-Df7fvWY, DJ TRAPSTEIN
Moji Shortbaba Werokamu(official dance video)Planetshakers Hubcrew,rIeJ5poR1mw,https://youtube.com/watch?v=rIeJ5poR1mw,Planetshakers Hubcrew 
12 DAYS OF CHRISTMAS- NIGERIAN EDITION ft Broda Shaggi |Kate Henshaw |Waje |Reekado Banks,w9rnpIRXNDM,https://youtube.com/watch?v=w9rnpIRXNDM,Made By Eni 
Groove Gallery #DeejayDerro ,fQegaEW2-Xw,https://youtube.com/watch?v=fQegaEW2-Xw,Deejay Derro
Moji Shortbabaa - Cheza Gospel (Full EP Visualizer),OuVpG_xM1zg,https://youtube.com/watch?v=OuVpG_xM1zg,Moji Shortbabaa
"Keepin' it Kenyan Gospel Mix by Ed Tha Dj ft Moji Shortbaba, Ben Cyco, Kanji, Guardian Angel, Manolo",nKHABgdm6rk,https://youtube.com/watch?v=nKHABgdm6rk,Ed Tha Dj
SHOKING!! Performance By Guardian Angel / Moji Short Baba Cheza Gospel Kitengela Show,Gb_sx9z-Hrg,https://youtube.com/watch?v=Gb_sx9z-Hrg,TALENT PLUS STUDIOS
Masterpiece- Chini ya Mwamba (Official video) sms SKIZA 9045621 to 811,_fA-FAjMNkc,https://youtube.com/watch?v=_fA-FAjMNkc,Masterpiece King
Ulivukaje-by Basil.(Official Video) #Gospel music#kenya#Tanzania# Uganda#Africa#,nYTa6Z9hk2g,https://youtube.com/watch?v=nYTa6Z9hk2g,BASIL
"LATEST KAMBA GOSPEL MIX 2025 ||WILBERFORCE, JUSTUS MYELLO, JOHN KAY, KASOLO || DJ MESH THE YOUNGEST🔥",jcZHgWH6H6o,https://youtube.com/watch?v=jcZHgWH6H6o,DJ-MESH-254 THE YOUNGEST
Sauti Sol   Suzanna Karaoke Version,t6MHehUuUDU,https://youtube.com/watch?v=t6MHehUuUDU,Lyrics Scrolls KE
RINGTONE ft GUARDIAN ANGEL  - FAGIA (Official Video) sms (SKIZA 5961953 to 811),u7yGR7tftzE,https://youtube.com/watch?v=u7yGR7tftzE,Ringtone Apoko Music (RingtoneApokoVEVO)
"URBAN GOSPEL MIX 2022-DJ NICKY & DJ DASH KENYA FT MERCY MASIKA,FLORENCE ANDENYI,ANASTACIA MUKABWA",bTtnulnoQP0,https://youtube.com/watch?v=bTtnulnoQP0,DJ DASH KENYA
"BEST OF KENYAN GOSPEL MIX 2024 ,Moji Shortbabaa ,Guardian Angel Global , Sifaeli Mwabuka, Jabidii",ZriuR5SqN8U,https://youtube.com/watch?v=ZriuR5SqN8U,XBenjoes Kenya
CLASSY STREET URBAN GOSPEL MIXTAPE 2025 DJ LETTY ft DJ BIGGIE | Olodumare |definetly| Guardian Angel,ZqsjfPOQ7N8,https://youtube.com/watch?v=ZqsjfPOQ7N8,THE 254 TRENDS
BEST SWAHILI PRAISE VIDEO MIX🔥 || NONSTOP PRAISE & WORSHIP SONGS || DJ KEVIN THEE MINISTER,uzXDJeAcnTE,https://youtube.com/watch?v=uzXDJeAcnTE,Thee Heart Of Worship Tv
"🔥🔥🔥BEST OF KENYAN GOSPEL MIX FT GUARDIAN ANGEL, CHRISTINA SHUSHO, MERCY MASIKA -  GOSPEL ARENA VOL 2",yjXkVFqygNI,https://youtube.com/watch?v=yjXkVFqygNI,SUPERSTAR DJ DEXSTAR
The Overcomer Mixtape  Episode 1    IKY THE DJ  THE ROCK N BRAVE,P_7tue9augg,https://youtube.com/watch?v=P_7tue9augg,IKY THE DJ ( THE ROCK N BRAVE )
"Dj Joe Mfalme Mix 8 - Old Skul Kenyan, Genge, Nonini, Juacali, ESir, Nameless,Wahu, Big Pin, Flexx.",_EKvY5rsKrw,https://youtube.com/watch?v=_EKvY5rsKrw,DJ Joe Mfalme
Sony acid 7 (moji shortbaba mixtape),igigNF7hjp0,https://youtube.com/watch?v=igigNF7hjp0,Paul Kung'u
"GOSPEL MIX 2022-DJ DASH FT MERCY MASIKA,CHRISTINA SHUSHO,SIZE 8,ANGELA CHIBALONZA,EUNICE NJERI",VLev_lZBHwo,https://youtube.com/watch?v=VLev_lZBHwo,DJ DASH KENYA
Rise And Shine - Christ Cycoz And Kelele Takatifu(Official HD Music Video),N302hO4Pmyk,https://youtube.com/watch?v=N302hO4Pmyk,Christ Cycoz
NEW KENYAN GOSPEL HITS MIX - DJ CHUI X JABIDI X BAHATI X MOJI SHORT BABA,V81cfup-szU,https://youtube.com/watch?v=V81cfup-szU,DJ CHUI
Faith filled Melodies #deejayderro,-do50ZFThV4,https://youtube.com/watch?v=-do50ZFThV4,Deejay Derro and THE VIBE HEAT SHOW
Dj G Sparta The Fix 1,LeiGq3bK2BM,https://youtube.com/watch?v=LeiGq3bK2BM,Dj G Sparta
"SON OF NATIONS - GOSPEL MIX 1 FT POMPI, MOJI SHORTBABAA, A MOSE, TIMELESS NOEL, H_ART THE BAND",xuGeOwyJqc8,https://youtube.com/watch?v=xuGeOwyJqc8,Sᴏɴ ᴏғ Nᴀᴛɪᴏɴs
BEST OF GOSPEL SWAHILI WORSHIP SONGS 2025 MIX VOL 1 BY G illah,kYUTl6ulAis,https://youtube.com/watch?v=kYUTl6ulAis,Dj G illah🇰🇪
DJ Spinzz | Urban Gospel Mix | The Full House Experience Nehemiah,58Tx74nJdXQ,https://youtube.com/watch?v=58Tx74nJdXQ,The FullHouse Experience
Unanijali - Moji ShortbabaallOfficial Dance videollPlanetshakers Hubcrew,aVoBIjBKBkI,https://youtube.com/watch?v=aVoBIjBKBkI,Planetshakers Hubcrew 
"BEST OF KENYA  GOSPEL MIX 2022   VIDEO MIX  DEEJAY F2 FT SIZE 8, MERCY MASIKA,",3UJGlLeaFU8,https://youtube.com/watch?v=3UJGlLeaFU8,RICHY HANIEL
Filmymoji || Middle Class Madhu || BABY || MCM,bulBs4hOrgI,https://youtube.com/watch?v=bulBs4hOrgI,Filmymoji
KAMESHIKA DANCE || KINGDOM GENERATION DANCE,cK0_giiKp8c,https://youtube.com/watch?v=cK0_giiKp8c,Deliverance Church Int. Karagita - Nairobi
KENYAN LOVE MIXTAPE (WILLY x BAHATI x MR SEED) BY KASPAR THE DJ,PrpiEIVh_L4,https://youtube.com/watch?v=PrpiEIVh_L4,KASPAR THE DJ
THE BEST OF GUARDIAN ANGEL BY  DJDESMA X DJ SONCH,pRFpFeiyxUo,https://youtube.com/watch?v=pRFpFeiyxUo,Guardian Angel Global
Mashup Dance video Nainua Macho- Boss M.O.G Wacha stori - Moji Shortbaba #BossM.O.G #mojishortbaba,v0umvMQvX3s,https://youtube.com/watch?v=v0umvMQvX3s,Legit Dance Crew
🔥GOSPEL MIX 2023🔥Urban Gospel (Kenya + Tanzania + Nigeria),NquAbhN1Xck,https://youtube.com/watch?v=NquAbhN1Xck,DJ SHANTIZ
Dj Kako - Representing Christ Mixtape (Audio) (Gospel mix),cySV_TItHcg,https://youtube.com/watch?v=cySV_TItHcg,Dj Kako 
DJ Lebbz 254 Best gospel hits AT ITS BEST 2022 vol 2,MDmml1N7I9k,https://youtube.com/watch?v=MDmml1N7I9k,Lebbz tha Dj
"GOSPEL REBORN 3 MASH UP(INTRO)Ben c,david wonder,guardian angel,ljay maasai,moji short babaa",H43XWS_jAxI,https://youtube.com/watch?v=H43XWS_jAxI,VDJ JONES
Best of Christian Rap (Hip Hop) Video Mix_Vol.1_Nov.2021 - DJ Bing The Kingdom Boy],Uexs4fBPpPg,https://youtube.com/watch?v=Uexs4fBPpPg,DJ Bing [The Kingdom Boy]
HILLSONG WORSHIP | LIVE AT TEAM NIGHT NON-STOP MIX 2023.,daC_1KzdJgA,https://youtube.com/watch?v=daC_1KzdJgA,ARK GENERATION
GOSPEL DRIVE VOL.1-DJ DASH FT CHRISTINA SHUSHO|MERCY MASIKA|ANGELA CHIBALONZA|SIZE 8|EUNICE NJERI,zS2QnAs-CaM,https://youtube.com/watch?v=zS2QnAs-CaM,DJ DASH KENYA
MOJI  SHORT BABA HIGHLY FAVOURED BY YOUNG COURAGEOUS DANCERS,Us1-rT_-X7A,https://youtube.com/watch?v=Us1-rT_-X7A,The Courageous Dancers Official
GUARDIAN ANGEL X MOJISHORTBABAA VIDEO MIX MIX BY  UPLIFT DJS,GFC8fzue_ME,https://youtube.com/watch?v=GFC8fzue_ME,Lebbz tha Dj
Dj Lebbz 2021 Live Kenyan gospel video Mix Vol 7,UIIQWbeot5k,https://youtube.com/watch?v=UIIQWbeot5k,Lebbz tha Dj
New Amapiano VS Afrobeat BANGERS!!! Gospel Mix | 2023 {Mixed in Key},gzlCRPLyZqc,https://youtube.com/watch?v=gzlCRPLyZqc,jambo skinner
"Alive in the Park 2025 🎶🔥 | Pompi, Esther Chungu, Moji Short Baba & More | 5 Years Celebration 🎉",NQHuIV5Fqpo,https://youtube.com/watch?v=NQHuIV5Fqpo,xtian star profile-bb
Kymo and Stigah   Thitima Christmas Rendition  OFFICIAL VIDEO,4Z7qevjI-SI,https://youtube.com/watch?v=4Z7qevjI-SI,GSengo
"Once In Darkness, Now I walk In The Light - Michelle N. Ntalami (Woman Without Limits)",UBSOjMfE5bw,https://youtube.com/watch?v=UBSOjMfE5bw,Lady Bishop Kathy Kiuna
Gospel Hip Hop 2020 mix,93SGJKF3zq0,https://youtube.com/watch?v=93SGJKF3zq0,Iamjoelz
BEST OF KIKUYU GOSPEL MASHUPS PART FIVE FT SELECTOR DEDEE,YE-nFP-YrEE,https://youtube.com/watch?v=YE-nFP-YrEE,DEDEE
PST. NG'ANG'A FULL PERFOMANCE AT RHEMA FEAST 2025,COkEFQLdz1U,https://youtube.com/watch?v=COkEFQLdz1U,Baruthi wa Thayu - TV
Sifa Music - IYO (New Gospel Music),Uv0UwbaAwwM,https://youtube.com/watch?v=Uv0UwbaAwwM,Sifa Music
"DJ Prince Kim #upliftingGospel Mix 2 (Guardian Angel, Obby Alpha, Mr Googz, Moji Shortbaba)",0dBD-e_WFks,https://youtube.com/watch?v=0dBD-e_WFks,DJ Prince Kim
"BEST OF KENYAN GOSPEL SONGS MIX 2019 - DJ RICHIE FT GUARDIAN ANGEL,BAHATI,HOPEKID",hIS2vh65_pg,https://youtube.com/watch?v=hIS2vh65_pg,RICHY HANIEL
Cacica - Greater Than Solomon (Official Video) [Skiza 9044723],P9_CsHkGIqk,https://youtube.com/watch?v=P9_CsHkGIqk,Caterina W
UGANDA'S BEST URBAN GOSPEL MIX | EP. 3 [DJ MARTINIQUE 254] UGANDAGOSPEL | GOSPEL DANCE HALL/AFROBEAT,jBt7B7r6WfI,https://youtube.com/watch?v=jBt7B7r6WfI,Dj Martinique 254
ANGUKA NAYO(GOSPEL REFIX) OKOKA NAO BY [BAGEE ALONE X MUCHORIA X TELVO],HJVF40gucwM,https://youtube.com/watch?v=HJVF40gucwM,BageeNation
HYPE TURN UP MIX 18 KATIKA VS DUNDAING  DJ CIBIN,wF2PQze5weI,https://youtube.com/watch?v=wF2PQze5weI,Dj Cibin Kenya
Mtaani Entertainment - Baba Yetu | Gospel Amapiano (Official Dance Video),ygY3aqVocSA,https://youtube.com/watch?v=ygY3aqVocSA,Mtaaniii
DANCE PRESENTATION: SONG HIGHLY FAVOURED - MOJISHORT BABA,NZPnOJ5lkfU,https://youtube.com/watch?v=NZPnOJ5lkfU,PEFA GOODTIDINGS CHURCH
"BEST OF GOSPEL MIX DJ DIMPO    KAMBUA,KABERERE,MR SEED,SHUSHO MOG,MASIKA,JANET OTIENO,SIZE 8,GLORIA",zsi_9hdWC4Y,https://youtube.com/watch?v=zsi_9hdWC4Y,Dj Dimpo
Jozzy ke_vile inafaa. mp4 visualizer,WAVxcQM8KGw,https://youtube.com/watch?v=WAVxcQM8KGw,Jozzyke
NADEKA - MIX TAPE  by DJ REGUN ( BEST OF GUARDIAN ANGEL ),iJO2MlrluzU,https://youtube.com/watch?v=iJO2MlrluzU,Guardian Angel Global
Gospel Party Mixtape vol 4 (B) 🔥 - The Party Starts Here!,_eN9yWuy5Nw,https://youtube.com/watch?v=_eN9yWuy5Nw,Aksam Deejay
Gospel 2D Streets Mixtape | Top Dancehall Gospel Hitz 2021| DJ Marc,ik_Ly77dg7E,https://youtube.com/watch?v=ik_Ly77dg7E,DJ MARC
Exclusively African Christian Rhythms Vol.1 #DeejayDerro,Yq4cYSFGimE,https://youtube.com/watch?v=Yq4cYSFGimE,Deejay Derro
MEA KUS WANI WEARIWEN MANZ KHANMOUJI 😭 | DULHAN CRYING 💔 | BOYA DANCER 💃| Singer Dilber Bilal #viral,1JLOXCDpt8s,https://youtube.com/watch?v=1JLOXCDpt8s,Dilber Bilal Official
Ben C - Nyasaye {Official Dance Video},Sz-4Tx8x7To,https://youtube.com/watch?v=Sz-4Tx8x7To,Ben C again
King Kaka blames Kenya's media for Tanzania-Nigeria music invasion| Tuko TV,ke2mp0Ugpwc,https://youtube.com/watch?v=ke2mp0Ugpwc,Tuko / Tuco - Kenya
Gospel Dancehall Mix | The Kingdom Assignment Ep 10 | DJ PetRox,VJ7PWPDyXKo,https://youtube.com/watch?v=VJ7PWPDyXKo,Phancy PH
"Dj Joe Mfalme Mixx 76 - Jam Session, Riddims, Dancehall, Vybz Kartel, Mavado, Konshens, Demarco.",4UnoH-elHhc,https://youtube.com/watch?v=4UnoH-elHhc,DJ Joe Mfalme
VEEJAY JAVORN AND DJ RAJ PRESENTS GOSPEL FIRE MIN MIX [DAVID WONDER|MR SEED JFAM|SIZE 8|SHORT BABA]🔥,ywQbtwOX_fg,https://youtube.com/watch?v=ywQbtwOX_fg,VEEJAY JAVORN (THE MADSPIN)
"Ultimate Gospel vol 4 MIX- DJ GEEWILL - HOT KENYAN GOSPEL MIX Bahati,LJ Maasai,Hopekid,Odi ,Size 8🔥🔥",6heands9F64,https://youtube.com/watch?v=6heands9F64,Dj Geewill
VIBEZ FULLINGS AFROBEATS MIX NEW 2020-2021,Szd0xrF410M,https://youtube.com/watch?v=Szd0xrF410M,DJ breezah official 
"DJ Neptune, Spyro - Count Your Blessings | Reaction",DgcEHXqwfiQ,https://youtube.com/watch?v=DgcEHXqwfiQ,Banks’ Reactions
NIMEKUJA KUSEMA ASANTE(SARA K)  GOSPELMIX WITH DJ LEBBZ (THA ACTIVATOR) EXCLUSIVE NEW MUSIC 2023,AgnPBun9skU,https://youtube.com/watch?v=AgnPBun9skU,Lebbz tha Dj
HYPED OLD SCHOOL LOCAL URBAN GOSPEL EDITION MIXTAPE-SELECTA CULTURE THE BADDEST DJ_SIZE 8_DADDY OWEN,CqWYpL_QgJA,https://youtube.com/watch?v=CqWYpL_QgJA,SELECTA CULTURE THE BADDEST DJ
Freestyle,QGKqOTZ9-pY,https://youtube.com/watch?v=QGKqOTZ9-pY,Mutonguni high
"Pop, EDM, Urban pop mix by DJ TAIN. THE VIRUS EFFECT Vol 1",I0Ja2RJ4VAQ,https://youtube.com/watch?v=I0Ja2RJ4VAQ,Dj Tain
BEST SWAHILI GOSPEL MIX 2022 | KENYAN GOSPEL DRIVE - DJ Bing [The Kingdom Boy ] Ft. DJ Alante,gFdwE5n8qh8,https://youtube.com/watch?v=gFdwE5n8qh8,DJ Bing [The Kingdom Boy]
R&B | HIP-HOP MIX 2022 (DJ NICK),uPEbnLYjeuw,https://youtube.com/watch?v=uPEbnLYjeuw,DJ NICK OFFICIAL
East African East African Swahili Gospel Video Mix Vol 29,OTJa6qLNOu8,https://youtube.com/watch?v=OTJa6qLNOu8,Lebbz tha Dj
AFROBEATS 2021 VIDEO MIX| AFROBEAT MIX| AFROBEATS GOSPEL |AFROBEATS MUSIC (LIMOBLAZE|POMPI|NAFFYMAR),9d_1_180RgI,https://youtube.com/watch?v=9d_1_180RgI,Iamjoelz
Megga urban gospel mix vol 8,O21t_PbPwFQ,https://youtube.com/watch?v=O21t_PbPwFQ,Deejay Giovanni Ug
THE BEST OF GOSPEL AFROBEAT MIX. AQUA  MIXTAPE 2.,NnYK2TZ2Rco,https://youtube.com/watch?v=NnYK2TZ2Rco,BLUE'S EMPIRE 
BEST OF SERRO-SERRO x DJ DOLPHIN,xyCT4uWdQPM,https://youtube.com/watch?v=xyCT4uWdQPM,Dolphinthe dj
Sands 101 - SA hip hop music mix 2015,ifyUCjLGgLs,https://youtube.com/watch?v=ifyUCjLGgLs,sandile sithole
"Selector Dedee - Gospel Flow Episode One [Moji shortbaba,Karwirwa laura,Jabidi,Benachi,David wonder]",uncPxeygrc4,https://youtube.com/watch?v=uncPxeygrc4,DEDEE
BESTGOSPEL HIPHOP HITS XPERIENCE MIX VOL.2 DJ LAZ LECRAE TRIPLEE KB EKO DYDDA MR TEE MUHANJI VROSE,7wC9JaStBwo,https://youtube.com/watch?v=7wC9JaStBwo,Deejay Laz Worldwide🌍
"New Christian Rap Mix | Inspirational Gospel Rap Songs"" DJ CEA 254  2022",xlu2vuCd9A8,https://youtube.com/watch?v=xlu2vuCd9A8,Dj Cea Kenya
"REGGAE RIDDIM MIX(SANCHEZ,GREGORY ISSAC,CHRONIXX,CHRIS MARTIN - DJ TRAPSTEIN",N4lyxJuy9jE,https://youtube.com/watch?v=N4lyxJuy9jE, DJ TRAPSTEIN
kranium - give thanks (dance video),1weVrKNIQoY,https://youtube.com/watch?v=1weVrKNIQoY,Ax'L Visual
VIBE 4 | DJ PUKI | BEST KENYAN PARTY VIBE | VYBZ KARTEL | KONSHENS | KANSOUL | MEJJA | SAUTI SOL,7eOfsp5ZgiI,https://youtube.com/watch?v=7eOfsp5ZgiI,DJ PUKI
GOSPEL 2021 DJ FENDER FT DJ JUMPRIX CHRIST GENIUS MIXTAPE VOL III,Nuq1OdpfZKk,https://youtube.com/watch?v=Nuq1OdpfZKk,DJ JUMPRIX
Dynasty Mix Vol xv - Best of Stonee Jiwe,Yq9C88e9DzU,https://youtube.com/watch?v=Yq9C88e9DzU,DjDr Jeff
HOT & NEW AFROBEAT LIVE MIX | GOSPEL | RAW STUDIO SESSION!!,gIOb6MExP0I,https://youtube.com/watch?v=gIOb6MExP0I,jambo skinner
BEST OF SWAHILI GOSPEL VIDEO MIX | JOEL LWAGA | REHEMA SIMFUKWE - DJ OWE KENYA,D-ehtPj5ZUk,https://youtube.com/watch?v=D-ehtPj5ZUk,DJ OWE KENYA
Kubamba Radio Mix - Deejay Sean Ke,D8zj1LBo0wE,https://youtube.com/watch?v=D8zj1LBo0wE,Deejay Sean Ke
KENYA GOSPEL RAP MIX 2019,UkOiQHYx8Q8,https://youtube.com/watch?v=UkOiQHYx8Q8,DavidZilla Music
HIP HOP MIX PARTY 2022 | 2022 HIP HOP PARTY MIX,hRn4ZRifwqA,https://youtube.com/watch?v=hRn4ZRifwqA,Dj Malonda
AMOS PERFOMING LIVE AT GROOVE TOUR 2018,rC3oh87lTWQ,https://youtube.com/watch?v=rC3oh87lTWQ,Groove Awards
"665 - खाट मुददी मारी हे मै ऊपर बैठी आप || कलाकार- मोजी जागलान, गुरप्रीत कौर, बाली || COMEDY LOKGEET",Y__w-BnIKzY,https://youtube.com/watch?v=Y__w-BnIKzY,HARYANVI FOLK
Series 11 Kenya Gospel djprince sassyboy Daddy Owen JImmy Gait MOG Danny gift BMF Willy Paul KRISS,8mfV6hVkB7M,https://youtube.com/watch?v=8mfV6hVkB7M,djprince sassyboy
I AM NOT DATING KRISBABYY OR SAMANTHA DEDRA 😫💔COLLOBLUE SENDS A MESSAGE TO HIS FANS🙁😟,fLL1yi4EVqk,https://youtube.com/watch?v=fLL1yi4EVqk,I Am Kunchy
STORY YANGU,d4_r2l-pJBA,https://youtube.com/watch?v=d4_r2l-pJBA,Stephen Kimani
🇰🇪 KENYAN URBAN GOSPEL MIX 2025,xgeWG-po_kk,https://youtube.com/watch?v=xgeWG-po_kk,JCIOM MUSIC
"Dj Joe Mfalme Mix 54 - Made In Jamaica, Reggae, Riddims, One Drop.",zjmuV0b7fj4,https://youtube.com/watch?v=zjmuV0b7fj4,DJ Joe Mfalme
DJ Ruff Old Skool Gospel Mix (Kenyan) | DJ Ruff In The House 1,xkgKvyajopY,https://youtube.com/watch?v=xkgKvyajopY,DJ RUFF TV
KENYAN GOSPEL MIX 2021 BY DJ WYSH | BEST OF KB MUSIQ MIX,ToNKx_5OPk8,https://youtube.com/watch?v=ToNKx_5OPk8,DJ WYSH KE
Cacica - SuperBeing (Official Video) [Skiza 9044724 or 9044729],oSHi_uhiIyQ,https://youtube.com/watch?v=oSHi_uhiIyQ,Caterina W
BEST GOSPEL HIPHOP XPERIENCE VIDEO MIX VOL. 3 DJ LAZ {KANYE KB DJ KHALED LECRAE TEDASHI TRIP LEE},MW5PcDlDRMs,https://youtube.com/watch?v=MW5PcDlDRMs,Deejay Laz Worldwide🌍
Best Gospel Reggae Mix By DJ CAPRISE (THE HOMECOMING EP. 1),KD-XDShJ2pA,https://youtube.com/watch?v=KD-XDShJ2pA,Deejay Caprise
🇰🇪 KENYAN URBAN GOSPEL MIX 2024 (MASHUP🤩 EDITION),WuJlF1WPRBo,https://youtube.com/watch?v=WuJlF1WPRBo,JCIOM MUSIC
"DJ WYSH - STREET GOSPEL ARBANTONE MIX VOL.5 Ft. Set it, Anguka Nayo, Kudade, Miel Matin, Mc Mido",FzcTG_XlbSY,https://youtube.com/watch?v=FzcTG_XlbSY,DJ WYSH KE
4Mr Frank White - Imagine Freestyle (Dir Cnot),tTybeYlj8xA,https://youtube.com/watch?v=tTybeYlj8xA,4Mr Frank White
Kenyan Gospel Type Beat,sJ746kcT6aY,https://youtube.com/watch?v=sJ746kcT6aY,Eduh Msafi
DJSMITHKE FT BEST OF GUARDIAN ANGEL,8TiowvPaHjw,https://youtube.com/watch?v=8TiowvPaHjw,DJ SMITH KE TV
"DJ TELLEM .....KENYAN THROWBACK MIX ,Esir,Pilipili,Nameless,Klepto,juacali,jimwat,ladyS,Nonini,",Lr8LNaBo3kU,https://youtube.com/watch?v=Lr8LNaBo3kU,DJ JUMPRIX
Mziki dance by razarce hype squad official video,5fFOZ8soATw,https://youtube.com/watch?v=5fFOZ8soATw,Dj Charlo
GUARDIAN ANGEL l KIJITO LYRICS,RylMLbmOgHk,https://youtube.com/watch?v=RylMLbmOgHk,GabroTz
🔥🔥GOSPEL TAKEOVER  MIX 2023| MAKOFI ANTHEM I DJ CJ 254 IJABIDII I MOJI I TIMELESS NOEL I K SUFURI I,G_ajOXITpWA,https://youtube.com/watch?v=G_ajOXITpWA,DJ CJ 254
Umoja Icons - Dancehall mix routine x Odi,CPRXn3eg4_s,https://youtube.com/watch?v=CPRXn3eg4_s,Niji
Gospel Playlist Lounge Worship van DJ Pina Jones Various Examen 2018,BW_moqlUx5s,https://youtube.com/watch?v=BW_moqlUx5s,DJ Pina Jones
Dj job- THITIMA THANKSGIVING MAFANS MIX,f-_w7p0s4DI,https://youtube.com/watch?v=f-_w7p0s4DI,Deejay Job (Dj job /DJ J.O.B)
Cheza Gospel: Street Party 2025,Li9Q6S8ay-g,https://youtube.com/watch?v=Li9Q6S8ay-g,City Lighters Church
"Gospel Flow Episode 4 x Selector Dedee Ft [Kirk Franklin,Rehema Simfukwe,Ada Ehi,Jabidi,Jfam ...]",RNds8duJMP0,https://youtube.com/watch?v=RNds8duJMP0,DEDEE
"DJ WYSH X HYPE THE DJ - HOUDINATION VOL.7 |  GUARDIAN ANGEL, DAVID WONDER, JABIDII, TIMELESS NOEL",PglFF1jwGKI,https://youtube.com/watch?v=PglFF1jwGKI,DJ WYSH KE
Best Of Urban Gospel Mix 2022 | Best Of Gengeton Gospel Mix 2022 | Best Of Amapiano Gospel Mix 2022,crjfsby5mog,https://youtube.com/watch?v=crjfsby5mog,DJ BULLION 254
"2022  AFRICA JUMPOFF VOL 1 SELEKTA NESTA l WIZKID,SAUTI SOL,MEJJA,BURNA BOY,JOEBOY,OMAH LAY,REMA",UWGPklQYSyc,https://youtube.com/watch?v=UWGPklQYSyc,Dapstrem Entertainment
JABIDII MAKOFI CHALLENGE BY XTREME042 DANCE CREW,5sY2abPuWt4,https://youtube.com/watch?v=5sY2abPuWt4,Xtreme042 Kenya (dance crew)
dj kiefer sanp 01,Ov97ctpIwRg,https://youtube.com/watch?v=Ov97ctpIwRg,djkiefer X soundkief
KISWAHILI GOSPEL MIX 2022  URBAN GOSPEL by DJ PRIZE 254,-olGRm4YpIQ,https://youtube.com/watch?v=-olGRm4YpIQ,DJ PRIZE 254
Oya oya by Dr fisher,ecq5U_6396k,https://youtube.com/watch?v=ecq5U_6396k,Dr fisher music
BEST  KENYAN TRAP DRILL HIPHOP MIX 2023,5yLefMBYBMU,https://youtube.com/watch?v=5yLefMBYBMU,Dj Go-Fleek
#mc joshu at capital FM it was lit #Thevibelive hosted by DJ joemfalme,4Fo9iYU2ZCU,https://youtube.com/watch?v=4Fo9iYU2ZCU,FAGILIA TV
सौकण || HARYANVI COMEDY SHORT FILM || MOJI JAGLAN || GURPREET KAUR || CUTE ROHILA,yBKgCx5P4h0,https://youtube.com/watch?v=yBKgCx5P4h0,HARYANVI FOLK
Urban Gospel Mix 2023 | The Kingdom Assignment Ep 9 | Phancy PH,V5Zo3TZJWl0,https://youtube.com/watch?v=V5Zo3TZJWl0,Phancy PH
Redsan's Hustle | Trace Radio Recap,5iiStiAkL1s,https://youtube.com/watch?v=5iiStiAkL1s,Trace Eastern Africa
🌄2024 GOSPEL AFROBEATS VIDEO MIX 2024,W-VQfIUCd9s,https://youtube.com/watch?v=W-VQfIUCd9s,JCIOM MUSIC
🌎URBAN HIHOP GOSPEL VIDEO MIX 2024,esT7-gGJQ9s,https://youtube.com/watch?v=esT7-gGJQ9s,JCIOM MUSIC
BEST OF MERCY MASIKA BY UPLIFT DJS,cGDBTtMhNsE,https://youtube.com/watch?v=cGDBTtMhNsE,Lebbz tha Dj
Talented sunday school children | dance ya kanisa.,DFwYW1T3eRc,https://youtube.com/watch?v=DFwYW1T3eRc,CCWC SANCTUARY
WizKid - Daddy Yo (Official dance challenge) - Huitfambo dance crew,Kui6XSqeq1o,https://youtube.com/watch?v=Kui6XSqeq1o,HuitFambo TV
BEST KENYAN GOSPEL MIX 2022 - DJ WYSH X DJ SONCH | GOSPEL INVASION MIX VOL.3 | DEUS DERRICK | BEN C,0lYlHHZY6Ww,https://youtube.com/watch?v=0lYlHHZY6Ww,DJ WYSH KE
Kirengo pefa church Choir - ya dunia ni mapito,zFDlk_mhls0,https://youtube.com/watch?v=zFDlk_mhls0,Gctv Media Ltd
"LATEST MWAMBA GOSPEL MIX, GUARDIAN ANGEL, SHUSHO, RINGTONE, ft DJ TPAD x Mc OFINDO",F7Vq5vOa3pQ,https://youtube.com/watch?v=F7Vq5vOa3pQ,Dj tpad
Planet shakers empire dance crew thika,1l1raPBsUNc,https://youtube.com/watch?v=1l1raPBsUNc,Francis Ndungu
Zungusha by jabidii official dance by covenant,krXChx4Vx14,https://youtube.com/watch?v=krXChx4Vx14,Shakers 3D
Goche - Meme (Post Yesu) ft Shiraa (OFFICIAL VIDEO),lhcwccSyggY,https://youtube.com/watch?v=lhcwccSyggY,Realtyme music
Me Star Sminky ft Vicky Young - SAITAN (Official Video) SMS [SKIZA 5850034] to 811,DnQeg3Sj868,https://youtube.com/watch?v=DnQeg3Sj868,Me Star Sminky
Biwi के Parivaar की अकड़ तोड़ने की मेरी कहानी!,OkTMSaAoPOU,https://youtube.com/watch?v=OkTMSaAoPOU,Khamoshiyan
Mr.seed ft sailors-piganiange-dance video(shining stars dacers),ScbXGryx9wM,https://youtube.com/watch?v=ScbXGryx9wM,RICHIE CLASSIC ENT
International gospel artist Don Moen in Kenya for the Love Nairobi Festival,meXaMyLE8Ks,https://youtube.com/watch?v=meXaMyLE8Ks,Citizen TV Kenya
HOT96BASEMENT SESSIONS -HIPHOP DRILL HYPE SET  #ukdrill  #kenyandrill #drilltypebeat  #drillremix,IRe9Nwo76Ec,https://youtube.com/watch?v=IRe9Nwo76Ec,DJ CARBON
Dj Olemacho Digiri Gospel Mix Intro 2017,1EkL5RPE0ZY,https://youtube.com/watch?v=1EkL5RPE0ZY,Dj Olemacho
NEW HOLLYWOOD WASN'T MADE BY WHATUPRG!,dgNUWgWO-EA,https://youtube.com/watch?v=dgNUWgWO-EA,Bars And Beats Entertainment
"WILLY PAUL, DIAMOND, BAHATI,DIANA.B , RAYVANY ON ANOTHER PROBLEM AFTER THIS HAPPENED|@mussacruz",41kc1RXWIGE,https://youtube.com/watch?v=41kc1RXWIGE,Yambiz comedy
DJ WYSH - STREET GOSPEL GENGETONE MIX VOL.2 |  KENYAN GOSPEL LIVE MIX 2020 | TIMELESS NOEL |JABIDII,VGike1rORKI,https://youtube.com/watch?v=VGike1rORKI,DJ WYSH KE
DAVID WONDER : the doctors said I would DIE if I don't watch Out |Plug Tv Kenya,3GPqQpDIAW4,https://youtube.com/watch?v=3GPqQpDIAW4,PLUG TV
"KENYAN HIP HOP/RAP VIDEO MIX - SIKUTAMBUI ft Wakadinali, TrioMio, Breeder, Khaligraph, Katapilla",bhEozT5enbA,https://youtube.com/watch?v=bhEozT5enbA,KazinBro Creatives
King Kaka & Khaligraph Send an emotional message to Kenyan media and DJs,z3R5KPYfnLs,https://youtube.com/watch?v=z3R5KPYfnLs,Bmedia Afrika
Selector Dedee - Oldskool Ragga Part One [Dancehall live juggling],4Bfg81acgB0,https://youtube.com/watch?v=4Bfg81acgB0,DEDEE
"Dj Joe Mfalme Mix 14 - 50 Cent, Fat Joe, Beyonce, Jay Z, Snoop Dogg, Ja Rule, Ashanti, Eminem, DMX.",K85e-4AQNbs,https://youtube.com/watch?v=K85e-4AQNbs,DJ Joe Mfalme
DJ WYSH - BEST OF EKO DYDDA MIX VOL.1 | NIKO NA REASON | LIFE IN ABUNDANCE | GHETTO | NINA ONE | SIR,D1zPmNF8y2A,https://youtube.com/watch?v=D1zPmNF8y2A,DJ WYSH KE
"NEW CLUB BANGERS VIDEO MIX 2023 | LATEST BONGO MIX 2023 | ZUCHU,MBOSSO,DIAMOND,DAVIDO,DJ IVAN 254",uHae5kjGItE,https://youtube.com/watch?v=uHae5kjGItE,DJ IVAN 
"Dj Joe Mfalme Mix 18 - Vybz Kartel, Mavado, Konshens, Dancehall, Riddims, Charly Black, Gyptian.",VEAMJZWfrdc,https://youtube.com/watch?v=VEAMJZWfrdc,DJ Joe Mfalme
